month,issue,file
Jun-2018,264,/gazette/g264.pdf
May-2018,263,/gazette/g263.pdf
Apr-2018,262,/gazette/g262.pdf
Mar-2018,261,/gazette/g261.pdf
Feb-2018,260,/gazette/g260.pdf
Jan-2018,259,/gazette/g259.pdf
Dec-2017,258,/gazette/g258.pdf
Nov-2017,257,/gazette/g257.pdf
Sep-2017,256,/gazette/g256.pdf
Aug-2017,255,/gazette/g255.pdf
Jul-2017,254,/gazette/g254.pdf
Jun-2017,253,/gazette/g253.pdf
May-2017,252,/gazette/g252.pdf
Apr-2017,251,/gazette/g251.pdf
Mar-2017,250,/gazette/g250.pdf
Feb-2017,249,/gazette/g249.pdf
Jan-2017,248,/gazette/g248.pdf
Dec-2016,247,/gazette/g247.pdf
Nov-2016,246,/gazette/g246.pdf
Oct-2016,245,/gazette/g245.pdf
Sep-2016,244,/gazette/g244.pdf
Aug-2016,243,/gazette/g243.pdf
May-2016,241,/gazette/g241.pdf
Apr-2016,240,/gazette/g240.pdf
Mar-2016,239,/gazette/g239.pdf
Feb-2016,238,/gazette/g238.pdf
Jan-2016,237,/gazette/g237.pdf
Dec-2015,236,/gazette/g236.pdf
Nov-2015,235,/gazette/g235.pdf
Oct-2015,234,/gazette/g234.pdf
Sep-2015,233,/gazette/g233.pdf
Aug-2015,232,/gazette/g232.pdf
Jul-2015,231,/gazette/g231.pdf
Jun-2015,230,/gazette/g230.pdf
May-2015,229,/gazette/g229.pdf
Apr-2015,228,/gazette/g228.pdf
Mar-2015,227,/gazette/g227.pdf
Feb-2015,226,/gazette/g226.pdf
Jan-2015,225,/gazette/g225.pdf
Dec-2014,224,/gazette/g224.pdf
Nov-2014,223,/gazette/g223.pdf
Oct-2014,222,/gazette/g222.pdf
Sep-2014,221,/gazette/g221.pdf
Aug-2014,220,/gazette/g220.pdf
Jul-2014,219,/gazette/g219.pdf
Jun-2014,218,/gazette/g218.pdf
May-2014,217,/gazette/g217.pdf
Apr-2014,216,/gazette/g216.pdf
Mar-2014,215,/gazette/g215.pdf
Feb-2014,214,/gazette/g214.pdf
Jan-2014,213,/gazette/g213.pdf
Dec-2013,212,/gazette/g212.pdf
Nov-2013,211,/gazette/g211.pdf
Oct-2013,210,/gazette/g210.pdf
Sep-2013,209,/gazette/g209.pdf
Aug-2013,208,/gazette/g208.pdf
Jul-2013,207,/gazette/g207.pdf
Jun-2013,206,/gazette/g206.pdf
May-2013,205,/gazette/g205.pdf
Apr-2013,204,/gazette/g204.pdf
Mar-2013,203,/gazette/g203.pdf
Feb-2013,202,/gazette/g202.pdf
Jan-2013,201,/gazette/g201.pdf
Dec-2012,200,/gazette/g200.pdf
Nov-2012,199,/gazette/g199.pdf
Oct-2012,198,/gazette/g198.pdf
Sep-2012,197,/gazette/g197.pdf
Aug-2012,196,/gazette/g196.pdf
Jul-2012,195,/gazette/g195.pdf
Jun-2012,194,/gazette/g194.pdf
May-2012,193,/gazette/g193.pdf
Apr-2012,192,/gazette/g192.pdf
Mar-2012,191,/gazette/g191.pdf
Feb-2012,190,/gazette/g190.pdf
Jan-2012,189,/gazette/g189.pdf
Dec-2011,188,/gazette/g188.pdf
Nov-2011,187,/gazette/g187.pdf
Oct-2011,186,/gazette/g186.pdf
Sep-2011,185,/gazette/g185.pdf
Aug-2011,184,/gazette/g184.pdf
Jul-2011,183,/gazette/g183.pdf
Jun-2011,182,/gazette/g182.pdf
May-2011,181,/gazette/g181.pdf
Apr-2011,180,/gazette/g180.pdf
Mar-2011,179,/gazette/g179.pdf
Feb-2011,178,/gazette/g178.pdf
Jan-2011,177,/gazette/g177.pdf
Dec-2010,176,/gazette/g176.pdf
Nov-2010,175,/gazette/g175.pdf
Oct-2010,174,/gazette/g174.pdf
Sep-2010,173,/gazette/g173.pdf
Aug-2010,172,/gazette/g172.pdf
Jul-2010,171,/gazette/g171.pdf
Jun-2010,170,/gazette/g170.pdf
May-2010,169,/gazette/g169.pdf
Apr-2010,168,/gazette/g168.pdf
Mar-2010,167,/gazette/g167.pdf
Feb-2010,166,/gazette/g166.pdf
Jan-2010,165,/gazette/g165.pdf
Dec-2009,164,/gazette/g164.pdf
Nov-2009,163,/gazette/g163.pdf
Oct-2009,162,/gazette/g162.pdf
Sep-2009,161,/gazette/g161.pdf
Aug-2009,160,/gazette/g160.pdf
Jul-2009,159,/gazette/g159.pdf
Jun-2009,158,/gazette/g158.pdf
May-2009,157,/gazette/g157.pdf
Apr-2009,156,/gazette/g156.pdf
Mar-2009,155,/gazette/g155.pdf
Feb-2009,154,/gazette/g154.pdf
Jan-2009,153,/gazette/g153.pdf
Dec-2008,152,/gazette/g152.pdf
Nov-2008,151,/gazette/g151.pdf
Oct-2008,150,/gazette/g150.pdf
Sep-2008,149,/gazette/g149.pdf
Aug-2008,148,/gazette/g148.pdf
Jul-2008,147,/gazette/g147.pdf
Jun-2008,146,/gazette/g146.pdf
May-2008,145,/gazette/g145.pdf
Apr-2008,144,/gazette/g144.pdf
Mar-2008,143,/gazette/g143.pdf
Feb-2008,142,/gazette/g142.pdf
Jan-2008,141,/gazette/g141.pdf
Dec-2007,140,/gazette/g140.pdf
Nov-2007,139,/gazette/g139.pdf
Oct-2007,138,/gazette/g138.pdf
Sep-2007,137,/gazette/g137.pdf
Aug-2007,136,/gazette/g136.pdf
Jul-2007,135,/gazette/g135.pdf
Jun-2007,134,/gazette/g134.pdf
May-2007,133,/gazette/g133.pdf
Arp-2007,132,/gazette/g132.pdf
Mar-2007,131,/gazette/g131.pdf
Feb-2007,130,/gazette/g130.pdf
Jan-2007,129,/gazette/g129.pdf
Dec-2006,128,/gazette/g128.pdf
Nov-2006,127,/gazette/g127.pdf
Oct-2006,126,/gazette/g126.pdf
Sep-2006,125,/gazette/g125.pdf
Aug-2006,124,/gazette/g124.pdf
Jul-2006,123,/gazette/g123.pdf
Jun-2006,122,/gazette/g122.pdf
May-2006,121,/gazette/g121.pdf
Apr-2006,120,/gazette/g120.pdf
Mar-2006,119,/gazette/g119.pdf
Feb-2006,118,/gazette/g118.pdf
Jan-2006,117,/gazette/g117.pdf
Dec-2005,116,/gazette/g116.pdf
Nov-2005,115,/gazette/g115.pdf
Oct-2005,114,/gazette/g114.pdf
Sep-2005,113,/gazette/g113.pdf
Aug-2005,112,/gazette/g112.pdf
Jul-2005,111,/gazette/g111.pdf
Jun-2005,110,/gazette/g110.pdf
May-2005,109,/gazette/g109.pdf
Apr-2005,108,/gazette/g108.pdf
Mar-2005,107,/gazette/g107.pdf
Feb-2005,106,/gazette/g106.pdf
Jan-2005,105,/gazette/g105.pdf
Dec-2004,104,/gazette/g104.pdf
Nov-2004,103,/gazette/g103.pdf
Oct-2004,102,/gazette/g102.pdf
Sep-2004,101,/gazette/g101.pdf
Aug-2004,100,/gazette/g100.pdf
Jul-2004,099,/gazette/g099.pdf
Jun-2004,098,/gazette/g098.pdf
May-2004,097,/gazette/g097.pdf
Apr-2004,096,/gazette/g096.pdf
Mar-2004,095,/gazette/g095.pdf
Feb-2004,094,/gazette/g094.pdf
Jan-2004,093,/gazette/g093.pdf
Dec-2003,092,/gazette/g092.pdf
Nov-2003,091,/gazette/g091.pdf
Oct-2003,090,/gazette/g090.pdf
Sep-2003,089,/gazette/g089.pdf
Aug-2003,088,/gazette/g088.pdf
Jul-2003,087,/gazette/g087.pdf
Jun-2003,086,/gazette/g086.pdf
May-2003,085,/gazette/g085.pdf
Apr-2003,084,/gazette/g084.pdf
Mar-2003,083,/gazette/g083.pdf
Feb-2003,082,/gazette/g082.pdf
Jan-2003,081,/gazette/g081.pdf
Dec-2002,080,/gazette/g080.pdf
Nov-2002,079,/gazette/g079.pdf
Oct-2002,078,/gazette/g078.pdf
Sep-2002,077,/gazette/g077.pdf
Aug-2002,076,/gazette/g076.pdf
Jul-2002,075,/gazette/g075.pdf
Jun-2002,074,/gazette/g074.pdf
May-2002,073,/gazette/g073.pdf
Apr-2002,072,/gazette/g072.pdf
Mar-2002,071,/gazette/g071.pdf
Feb-2002,070,/gazette/g070.pdf
Jan-2002,069,/gazette/g069.pdf
Dec-2001,068,/gazette/g068.pdf
Nov-2001,067,/gazette/g067.pdf
Oct-2001,066,/gazette/g066.pdf
Sep-2001,065,/gazette/g065.pdf
Aug-2001,064,/gazette/g064.pdf
Jul-2001,063,/gazette/g063.pdf
Jun-2001,062,/gazette/g062.pdf
May-2001,061,/gazette/g061.pdf
Apr-2001,060,/gazette/g060.pdf
Mar-2001,059,/gazette/g059.pdf
Feb-2001,058,/gazette/g058.pdf
Jan-2001,057,/gazette/g057.pdf
Dec-2000,056,/gazette/g056.pdf
Nov-2000,055,/gazette/g055.pdf
Oct-2000,054,/gazette/g054.pdf
Sep-2000,053,/gazette/g053.pdf
Aug-2000,052,/gazette/g052.pdf
Jul-2000,051,/gazette/g051.pdf
Jun-2000,050,/gazette/g050.pdf
May-2000,049,/gazette/g049.pdf
Apr-2000,048,/gazette/g048.pdf
Mar-2000,047,/gazette/g047.pdf
Feb-2000,046,/gazette/g046.pdf
Jan-2000,045,/gazette/g045.pdf
Dec-1999,044,/gazette/g044.pdf
Nov-1999,043,/gazette/g043.pdf
Oct-1999,042,/gazette/g042.pdf
Sep-1999,041,/gazette/g041.pdf
Aug-1999,040,/gazette/g040.pdf
Jul-1999,039,/gazette/g039.pdf
Jun-1999,038,/gazette/g038.pdf
May-1999,037,/gazette/g037.pdf
Apr-1999,036,/gazette/g036.pdf
Mar-1999,035,/gazette/g035.pdf
Feb-1999,034,/gazette/g034.pdf
Jan-1999,033,/gazette/g033.pdf
Dec-1998,032,/gazette/g032.pdf
Nov-1998,031,/gazette/g031.pdf
Oct-1998,030,/gazette/g030.pdf
Sep-1998,029,/gazette/g029.pdf
Aug-1998,028,/gazette/g028.pdf
Jul-1998,027,/gazette/g027.pdf
Jun-1998,026,/gazette/g026.pdf
May-1998,025,/gazette/g025.pdf
Apr-1998,024,/gazette/g024.pdf
Mar-1998,023,/gazette/g023.pdf
Feb-1998,022,/gazette/g022.pdf
Jan-1998,021,/gazette/g021.pdf
Dec-1997,020,/gazette/g020.pdf
Nov-1997,019,/gazette/g019.pdf
Oct-1997,018,/gazette/g018.pdf
Sep-1997,017,/gazette/g017.pdf
Aug-1997,016,/gazette/g016.pdf
Jul-1997,015,/gazette/g015.pdf
Jun-1997,014,/gazette/g014.pdf
May-1997,013,/gazette/g013.pdf
Apr-1997,012,/gazette/g012.pdf
Mar-1997,011,/gazette/g011.pdf
Feb-1997,010,/gazette/g010.pdf
Jan-1997,009,/gazette/g009.pdf
Dec-1996,008,/gazette/g008.pdf
Nov-1996,007,/gazette/g007.pdf
Oct-1996,006,/gazette/g006.pdf
Sep-1996,005,/gazette/g005.pdf
Aug-1996,004,/gazette/g004.pdf
Jul-1996,003,/gazette/g003.pdf
Jun-1996,002,/gazette/g002.pdf
May-1996,001,/gazette/g001.pdf
